city,lat_lngs,lat,long,temp,max_temp,humidity,wind_speed,clouds
clyde river,"(72.215845599571, -82.83386044880689)",72.215845599571,-82.83386044880689,44.01,44.01,90,4.79,100
ushuaia,"(-60.60988334022177, -54.90046397944134)",-60.60988334022177,-54.90046397944134,50.29,51.8,66,31.09,40
santa maria,"(17.365409661683884, -20.867597749978643)",17.365409661683884,-20.867597749978643,82.52,82.52,80,8.68,100
yellowknife,"(67.83096814055853, -112.9967641072887)",67.83096814055853,-112.9967641072887,45.25,46.99,39,17.22,20
jamestown,"(-21.923852961333196, -15.678871848189146)",-21.923852961333196,-15.678871848189146,50.3,50.3,80,5.17,10
russell,"(-25.4165080237115, 179.78924728880423)",-25.4165080237115,179.78924728880423,68,68,56,5.82,20
naze,"(29.30586899595974, 128.31335880642234)",29.30586899595974,128.31335880642234,82.4,82.4,83,5.82,20
sitamarhi,"(26.60061546797789, 85.47356459082528)",26.60061546797789,85.47356459082528,88.82,88.82,16,3.65,0
chara,"(57.13732060046928, 116.55967471838136)",57.13732060046928,116.55967471838136,57.25,59,62,4.23,75
busselton,"(-72.09744260149697, 95.97438836199467)",-72.09744260149697,95.97438836199467,54.68,55.99,74,14.63,100
hilo,"(2.2674072916921943, -161.26543262027437)",2.2674072916921943,-161.26543262027437,72.66,75,68,3.38,75
castro,"(-46.07813301546065, -86.76864283828886)",-46.07813301546065,-86.76864283828886,57.2,57.2,71,9.17,0
aklavik,"(79.92241461812017, -143.7857736425504)",79.92241461812017,-143.7857736425504,25.57,26.6,63,17.22,40
hobart,"(-89.4004912527749, 149.45646716359488)",-89.4004912527749,149.45646716359488,40.62,42.8,87,8.05,0
port alfred,"(-82.24201027869208, 47.05124142603526)",-82.24201027869208,47.05124142603526,58.1,64.99,54,3.36,0
bulungu,"(-5.27108716020561, 17.543971239931977)",-5.27108716020561,17.543971239931977,83.6,83.6,59,0.45,96
new norfolk,"(-84.54375849354008, 127.59046067623308)",-84.54375849354008,127.59046067623308,79.05,81,36,3.36,1
mar del plata,"(-54.26796632295697, -36.31519980713961)",-54.26796632295697,-36.31519980713961,37.88,37.88,14,12.55,10
namtsy,"(62.729444750373375, 129.85670493943212)",62.729444750373375,129.85670493943212,35.6,35.6,80,4.47,0
graaff-reinet,"(-31.76956991951789, 23.734763006082574)",-31.76956991951789,23.734763006082574,76.94,76.94,19,12.39,87
axim,"(-5.241337041441483, -2.398114880566254)",-5.241337041441483,-2.398114880566254,84.5,84.5,74,7.52,35
urubicha,"(-15.452418993294856, -62.23929826575436)",-15.452418993294856,-62.23929826575436,91.16,91.16,47,1.9,95
cidreira,"(-31.153218687990446, -47.55358231560359)",-31.153218687990446,-47.55358231560359,69.56,69.56,58,8.01,61
pergamino,"(-33.61223814064998, -60.654441699570754)",-33.61223814064998,-60.654441699570754,65.53,66,53,8.01,85
georgetown,"(-5.813281486070025, -10.417683385388216)",-5.813281486070025,-10.417683385388216,84.2,84.2,79,13.87,75
peniche,"(40.828695006998146, -15.71213045609079)",40.828695006998146,-15.71213045609079,61.39,63,93,11.41,75
inta,"(65.43336677776833, 59.7229585794764)",65.43336677776833,59.7229585794764,30.68,30.68,76,10.54,0
bluff,"(-57.22623057578838, 169.02837898138887)",-57.22623057578838,169.02837898138887,60.74,60.74,92,4.94,0
grand river south east,"(-21.708220578816977, 69.13734538863454)",-21.708220578816977,69.13734538863454,52.59,55.4,57,3.36,0
chokurdakh,"(83.4589593668, 146.23962820283106)",83.4589593668,146.23962820283106,24.92,24.92,96,8.43,100
taksimo,"(57.160751612176966, 115.0931127355247)",57.160751612176966,115.0931127355247,27.08,27.08,81,2.93,100
cape town,"(-47.555083988364075, 8.240567269121385)",-47.555083988364075,8.240567269121385,61.72,64.99,48,3.36,0
nome,"(69.12429092040966, -163.53709217895812)",69.12429092040966,-163.53709217895812,78.75,82.4,74,12.75,90
rio gallegos,"(-49.671585256568015, -70.49025328028982)",-49.671585256568015,-70.49025328028982,54.61,57.2,50,6.93,1
lamar,"(38.040935803242576, -102.45164041492629)",38.040935803242576,-102.45164041492629,51.35,51.8,93,10.29,90
hobyo,"(2.918757997453355, 55.61015886946376)",2.918757997453355,55.61015886946376,84.14,84.14,69,14.03,50
hermanus,"(-73.30037522814676, 10.849696039218628)",-73.30037522814676,10.849696039218628,59,59,74,1.99,100
cabo san lucas,"(10.058198174004389, -115.08087568532021)",10.058198174004389,-115.08087568532021,83.59,84.99,45,3.2,1
punta arenas,"(-89.77184713348485, -98.38940471393856)",-89.77184713348485,-98.38940471393856,80,80,80,1.21,91
geraldton,"(-34.37120983466923, 85.16406773185992)",-34.37120983466923,85.16406773185992,46.4,46.4,31,10.29,75
nanortalik,"(53.364412437589834, -40.50804143847057)",53.364412437589834,-40.50804143847057,42.56,42.56,76,8.08,0
katsuura,"(26.7887531220898, 146.89126528560183)",26.7887531220898,146.89126528560183,50,50,71,9.17,20
gaoual,"(11.5452980365164, -13.179395879636786)",11.5452980365164,-13.179395879636786,108.44,108.44,14,7.9,35
karratha,"(-15.47143450454962, 112.31554615909948)",-15.47143450454962,112.31554615909948,80.54,80.54,25,10.49,0
provideniya,"(50.14060900833627, -172.01938393254642)",50.14060900833627,-172.01938393254642,26.36,26.36,64,14.09,100
tasiilaq,"(62.281015693515485, -33.214008279878186)",62.281015693515485,-33.214008279878186,39.2,39.2,64,17.22,20
mataura,"(-65.68493300643568, -162.77380137514183)",-65.68493300643568,-162.77380137514183,46.99,46.99,98,2.77,98
puerto escondido,"(10.737428341926147, -98.66888585861157)",10.737428341926147,-98.66888585861157,79,79,85,5.99,84
avarua,"(-20.98712150802396, -156.29566287359708)",-20.98712150802396,-156.29566287359708,75.2,75.2,88,1.12,35
ponta do sol,"(22.41663766184655, -38.60580824000033)",22.41663766184655,-38.60580824000033,82.87,86,74,4.7,75
ronneby,"(56.06576618751279, 15.132692847627652)",56.06576618751279,15.132692847627652,42.76,46.4,61,5.82,0
pevek,"(82.02494161795076, 174.24974455868687)",82.02494161795076,174.24974455868687,16.1,16.1,87,4.36,1
carnarvon,"(-22.443238940321578, 97.67417781362144)",-22.443238940321578,97.67417781362144,68.12,68.12,43,20.11,97
lixourion,"(38.30987418886804, 19.515033481697657)",38.30987418886804,19.515033481697657,56.44,57.2,76,16.11,40
roald,"(68.22406565856119, 3.858303999908344)",68.22406565856119,3.858303999908344,35.53,39.2,80,3.36,40
pleshanovo,"(52.943303670002024, 53.15012356759303)",52.943303670002024,53.15012356759303,48.2,48.2,57,4.47,98
kapaa,"(9.100956006388799, -176.29235287297573)",9.100956006388799,-176.29235287297573,75.09,77,64,5.82,1
churapcha,"(63.794215509292684, 132.66179648742218)",63.794215509292684,132.66179648742218,32.3,32.3,77,4.68,99
riviere-au-renard,"(49.118878494097174, -63.86643181694865)",49.118878494097174,-63.86643181694865,48.2,48.2,93,2.24,75
rikitea,"(-21.210200947233616, -113.9219111580829)",-21.210200947233616,-113.9219111580829,76.58,76.58,82,16.58,3
shwebo,"(22.40310090968967, 95.98324132397948)",22.40310090968967,95.98324132397948,94.22,94.22,16,4.81,23
hithadhoo,"(-10.061707328103779, 71.48970633872113)",-10.061707328103779,71.48970633872113,85.76,85.76,74,9.62,29
kahului,"(27.63188616522504, -152.56305633963814)",27.63188616522504,-152.56305633963814,74.52,77,60,4.23,20
luderitz,"(-27.081737273687096, 11.23023236675894)",-27.081737273687096,11.23023236675894,57.2,57.2,93,5.82,0
monte alegre,"(-1.9466037852674845, -54.20676346338351)",-1.9466037852674845,-54.20676346338351,58.96,62.01,93,14.99,75
vila velha,"(-30.577693580230786, -23.240509532767163)",-30.577693580230786,-23.240509532767163,58.06,61,81,10.29,40
airai,"(16.83102006104805, 137.83352636684646)",16.83102006104805,137.83352636684646,75.14,75.14,73,7.74,76
atuona,"(5.757582985941852, -134.7831724409745)",5.757582985941852,-134.7831724409745,83.06,83.06,76,17.78,100
narsaq,"(84.00412993997372, -61.67120291752916)",84.00412993997372,-61.67120291752916,53.6,53.6,46,10.29,20
paciran,"(-5.03173430676442, 113.0316915297642)",-5.03173430676442,113.0316915297642,76.76,76.76,90,3.98,35
buloh kasap,"(2.7882445684336403, 102.71845903434786)",2.7882445684336403,102.71845903434786,83.42,83.42,74,12.41,100
upernavik,"(79.59502643231886, -60.060553055422645)",79.59502643231886,-60.060553055422645,29.78,29.78,95,3.71,17
ahipara,"(-30.709390409174247, 167.3352717202028)",-30.709390409174247,167.3352717202028,55,55,100,20.42,100
saskylakh,"(71.4631589885627, 117.06518024425071)",71.4631589885627,117.06518024425071,13.4,13.4,96,7.47,95
vanderhoof,"(53.693002320051335, -124.83345658827102)",53.693002320051335,-124.83345658827102,58.04,58.04,44,3.53,53
marienburg,"(11.270584257528824, -53.9428720278119)",11.270584257528824,-53.9428720278119,49.98,53.01,57,5.82,0
japura,"(-0.06825773793170242, -69.02535509121435)",-0.06825773793170242,-69.02535509121435,79.82,79.82,73,0.76,31
rexburg,"(44.632966425335354, -111.23262414356128)",44.632966425335354,-111.23262414356128,48.78,51.8,81,4.7,90
barrow,"(81.47715192853616, -160.55990820877312)",81.47715192853616,-160.55990820877312,62.72,62.72,37,10.51,43
pekan,"(3.3834801225223146, 104.6103704370874)",3.3834801225223146,104.6103704370874,80.15,80.6,94,3.36,75
ouallam,"(14.749533376653858, 2.6113555956833068)",14.749533376653858,2.6113555956833068,108.44,108.44,7,6.04,49
port hedland,"(-24.845554815784354, 119.9222018720526)",-24.845554815784354,119.9222018720526,58.17,64.99,54,3.36,0
lakes entrance,"(-39.8106127699706, 148.245258664704)",-39.8106127699706,148.245258664704,79.05,80.6,39,3.36,1
khatanga,"(76.10794705544251, 107.19512455657917)",76.10794705544251,107.19512455657917,11.6,11.6,95,4.65,68
hervey bay,"(-24.105076199503216, 155.74383439571733)",-24.105076199503216,155.74383439571733,81.97,84.99,61,5.82,20
bredasdorp,"(-73.27027380481033, 18.910468187931457)",-73.27027380481033,18.910468187931457,55.4,55.4,82,3.36,100
lithgow,"(-33.412486172728975, 150.58595772875032)",-33.412486172728975,150.58595772875032,47.21,50,87,9.17,0
riverton,"(-46.96922458291382, 167.38842060477606)",-46.96922458291382,167.38842060477606,50,55,66,5.82,90
palmares do sul,"(-31.016958916623402, -50.57302145236412)",-31.016958916623402,-50.57302145236412,81.8,81.8,60,6.2,100
arraial do cabo,"(-47.533211827455624, -26.324844440364615)",-47.533211827455624,-26.324844440364615,76.3,78.8,65,6.93,75
torbay,"(47.62355211201918, -39.8546289411523)",47.62355211201918,-39.8546289411523,43.88,46.99,70,24.16,75
strezhevoy,"(61.62189362433705, 78.31520731624772)",61.62189362433705,78.31520731624772,41,41,86,6.71,0
savinka,"(49.92488856449282, 47.28895743594882)",49.92488856449282,47.28895743594882,67.4,67.4,56,5.59,80
saldanha,"(-42.94051530704755, -5.017480923770108)",-42.94051530704755,-5.017480923770108,61.1,61.1,69,16.17,99
zhuzhou,"(27.744357075126203, 113.2584003460102)",27.744357075126203,113.2584003460102,57.2,57.2,93,6.71,90
puerto ayora,"(-4.076117296011844, -102.07713242539555)",-4.076117296011844,-102.07713242539555,79,79,85,5.99,84
avera,"(-27.368749652724972, -156.00902407790133)",-27.368749652724972,-156.00902407790133,84.33,87.8,42,5.59,1
verkhovye,"(52.66033685355558, 37.32847358700923)",52.66033685355558,37.32847358700923,60.38,60.38,76,7.63,23
gainesville,"(29.184534514071373, -83.08122679002535)",29.184534514071373,-83.08122679002535,88.65,91.99,35,8.05,40
fortuna,"(36.19536073978762, -132.23417688394773)",36.19536073978762,-132.23417688394773,67.5,72,82,3.36,20
lavrentiya,"(70.07580959692152, -169.39689355098452)",70.07580959692152,-169.39689355098452,19.7,19.7,97,8.01,85
cedar city,"(38.907679738281075, -113.41808464002096)",38.907679738281075,-113.41808464002096,60.8,60.8,31,13.87,90
kavieng,"(14.16832885684542, 154.2814451743314)",14.16832885684542,154.2814451743314,81.26,81.26,76,2.26,100
wewak,"(-1.7471208755629277, 143.71317765900733)",-1.7471208755629277,143.71317765900733,77.12,77.12,89,6.15,100
longyearbyen,"(88.05429974009482, 15.345012247280437)",88.05429974009482,15.345012247280437,23,23,67,8.05,40
petropavlovsk-kamchatskiy,"(49.27927070139549, 161.17526504621685)",49.27927070139549,161.17526504621685,28.4,28.4,86,2.53,47
vaini,"(-87.37035829895694, -168.86830669964078)",-87.37035829895694,-168.86830669964078,78.74,78.74,86,2.95,22
ternate,"(1.8358588656576416, 127.58313116232199)",1.8358588656576416,127.58313116232199,81.23,82,88,4.7,75
norman wells,"(63.606595659874245, -126.97569154947027)",63.606595659874245,-126.97569154947027,78.57,82,69,14.99,75
les cayes,"(16.209316779550747, -74.59528736970356)",16.209316779550747,-74.59528736970356,60.87,64.99,56,2.37,77
faanui,"(-8.02291186439875, -155.36156076560263)",-8.02291186439875,-155.36156076560263,82.52,82.52,70,7.47,85
port elizabeth,"(-60.87294991076469, 30.775657896078002)",-60.87294991076469,30.775657896078002,58.17,64.99,54,3.36,0
mporokoso,"(-9.715892992035009, 29.760432497465615)",-9.715892992035009,29.760432497465615,64.52,64.52,83,5.35,35
san patricio,"(18.485801259038112, -105.83035525458325)",18.485801259038112,-105.83035525458325,109.7,109.7,8,13.11,7
flinders,"(-28.73882017593521, 133.26428489279226)",-28.73882017593521,133.26428489279226,54.34,62.01,66,6.93,0
parabel,"(61.00285087572797, 82.40039242357972)",61.00285087572797,82.40039242357972,56.96,56.96,80,11.74,90
lakatoro,"(-15.886536173658826, 167.79253822903092)",-15.886536173658826,167.79253822903092,82.88,82.88,82,12.64,100
trairi,"(2.1313189923316145, -35.804962257106354)",2.1313189923316145,-35.804962257106354,78.56,78.56,88,4.56,100
dolores,"(-36.997904789734044, -57.46781320961918)",-36.997904789734044,-57.46781320961918,63.98,63.98,44,7.25,67
albany,"(-68.20195070549654, 113.92081942697348)",-68.20195070549654,113.92081942697348,62.08,69.8,63,3.36,90
anadyr,"(61.81154129585008, 173.83938039999612)",61.81154129585008,173.83938039999612,23.41,24.01,85,6.71,20
puri,"(17.680853859678024, 87.74549346034877)",17.680853859678024,87.74549346034877,75.5,75.5,87,4.43,2
kamaishi,"(37.36302608902646, 146.19939745729005)",37.36302608902646,146.19939745729005,38.24,38.24,95,10.78,22
tura,"(68.74971657960512, 97.3922457838957)",68.74971657960512,97.3922457838957,78.56,78.56,79,6.15,0
nikolskoye,"(38.86544746406153, 171.04118158852748)",38.86544746406153,171.04118158852748,41.22,42.01,93,8.95,40
menomonie,"(44.87410289942679, -91.81369298716206)",44.87410289942679,-91.81369298716206,60.26,64.99,28,8.05,1
kuala lipis,"(4.077535894439336, 101.86825591069919)",4.077535894439336,101.86825591069919,76.04,76.04,88,2.91,99
kulhudhuffushi,"(7.437239903278538, 66.58925710752746)",7.437239903278538,66.58925710752746,84.68,84.68,63,8.19,10
fairbanks,"(70.83643181877193, -143.18825891605192)",70.83643181877193,-143.18825891605192,51.69,57,39,11.41,1
cherskiy,"(81.8862110525422, 157.51208292511177)",81.8862110525422,157.51208292511177,30.5,30.5,88,10.96,100
erenhot,"(44.092498849154396, 113.62276140202448)",44.092498849154396,113.62276140202448,57.68,57.68,13,10.27,100
kununurra,"(-14.967165416028962, 126.90719778999915)",-14.967165416028962,126.90719778999915,57.2,57.2,71,3.36,56
asmar,"(34.744842876047755, 71.44337871180281)",34.744842876047755,71.44337871180281,55.88,55.88,29,9.93,1
butaritari,"(21.618673024175294, 178.48608124773847)",21.618673024175294,178.48608124773847,82.7,82.7,77,9.57,93
tuktoyaktuk,"(78.94880458634461, -134.6488910845)",78.94880458634461,-134.6488910845,24.8,24.8,85,18.34,75
ponta delgada,"(36.75361819535176, -25.997338281967615)",36.75361819535176,-25.997338281967615,83.07,86,62,8.05,40
bathsheba,"(22.427536091379963, -46.68460889560521)",22.427536091379963,-46.68460889560521,86,86,66,19.46,75
huilong,"(33.06861209866065, 123.80888621624302)",33.06861209866065,123.80888621624302,49.94,49.94,95,2.62,90
bijie,"(27.4119972340919, 105.08134262440302)",27.4119972340919,105.08134262440302,50.84,50.84,97,5.57,100
kirensk,"(58.92628574096463, 107.45620785285104)",58.92628574096463,107.45620785285104,32.84,32.84,73,3.31,87
husavik,"(75.5534865249924, -9.204672050614107)",75.5534865249924,-9.204672050614107,53.6,55,24,11.01,0
shelburne,"(39.19456325027025, -64.85952434426876)",39.19456325027025,-64.85952434426876,54.45,60.01,50,16.11,1
banda aceh,"(3.738041621833702, 88.23173173211143)",3.738041621833702,88.23173173211143,99.08,99.08,9,8.37,0
qaanaaq,"(80.00412014787108, -71.38063826610964)",80.00412014787108,-71.38063826610964,34.46,34.46,99,2.46,99
hasaki,"(28.78236108865481, 155.7718024484738)",28.78236108865481,155.7718024484738,38.84,39.2,100,4.38,0
sitka,"(48.65734269805756, -141.1301491619859)",48.65734269805756,-141.1301491619859,72.44,72.44,64,16.67,100
lagoa,"(50.82572708897783, -31.361971147398407)",50.82572708897783,-31.361971147398407,64.62,66.99,82,19.46,20
margate,"(-34.69712155545283, 34.64719164731818)",-34.69712155545283,34.64719164731818,40.62,42.8,87,8.05,0
pizarro,"(3.713792903196662, -81.55284524860963)",3.713792903196662,-81.55284524860963,83.06,83.06,79,10.49,100
kutum,"(18.463502618644412, 26.520326269754207)",18.463502618644412,26.520326269754207,89.18,89.18,5,7.09,27
bar harbor,"(42.63411632636411, -67.78126518161007)",42.63411632636411,-67.78126518161007,42.56,42.56,89,18.39,93
carpina,"(-7.820265134638561, -35.29414513972509)",-7.820265134638561,-35.29414513972509,80.6,80.6,78,8.05,75
yumen,"(41.500432749528386, 97.67401309985394)",41.500432749528386,97.67401309985394,51.74,51.74,58,5.3,26
tombouctou,"(16.774484610925086, -1.4930733179679123)",16.774484610925086,-1.4930733179679123,104.84,104.84,7,13.49,0
pangnirtung,"(64.60170101686941, -62.96325549006812)",64.60170101686941,-62.96325549006812,33.8,33.8,86,11.41,90
samus,"(57.033528263422, 84.99934098566979)",57.033528263422,84.99934098566979,57.54,62.01,47,8.95,0
goundam,"(17.677773195513268, -4.554284962444825)",17.677773195513268,-4.554284962444825,106.28,106.28,8,13.6,0
portland,"(-59.399061429611706, 128.23202818038249)",-59.399061429611706,128.23202818038249,68.76,73,48,3.36,1
severo-kurilsk,"(40.1804678662933, 165.16364558037458)",40.1804678662933,165.16364558037458,37.16,37.16,85,19.15,84
sambava,"(-11.307911590091848, 52.38641502010714)",-11.307911590091848,52.38641502010714,70.28,70.28,98,3.38,99
ribeira grande,"(31.823571497840035, -39.543207970097995)",31.823571497840035,-39.543207970097995,82.96,86,69,13.87,40
waycross,"(30.929348400512907, -82.57136611923598)",30.929348400512907,-82.57136611923598,88.74,90,25,8.05,40
college,"(74.29439235771304, -145.8930548486897)",74.29439235771304,-145.8930548486897,53.46,55.99,37,9.17,20
dunedin,"(-54.71746469265275, 178.47179026791463)",-54.71746469265275,178.47179026791463,53.01,53.01,83,14,95
beringovskiy,"(60.568236973098266, 178.86512475902737)",60.568236973098266,178.86512475902737,21.14,21.14,89,9.08,76
victoria,"(-2.5589290301728767, 61.99210861990127)",-2.5589290301728767,61.99210861990127,82.18,82.4,88,5.59,75
ereymentau,"(51.681367633307474, 73.41129534414478)",51.681367633307474,73.41129534414478,63.62,63.62,43,8.28,0
oussouye,"(10.032358916691763, -21.21601517525471)",10.032358916691763,-21.21601517525471,80.96,87.8,52,11.41,0
babushkin,"(51.88734003895118, 105.73716817774078)",51.88734003895118,105.73716817774078,40.58,40.58,60,10.36,80
saint-joseph,"(-28.30135437953045, 56.3646689045768)",-28.30135437953045,56.3646689045768,55.6,59,67,3.36,0
tymovskoye,"(50.96981881986716, 143.16516031144795)",50.96981881986716,143.16516031144795,40.22,40.22,95,3.44,100
las vegas,"(35.449680302494855, -105.30205387342481)",35.449680302494855,-105.30205387342481,45.82,48.99,70,2.24,40
pinawa,"(50.41189645003459, -95.6858672825124)",50.41189645003459,-95.6858672825124,52.82,52.82,24,5.88,0
port-gentil,"(0.6057611727205767, 6.905172010911542)",0.6057611727205767,6.905172010911542,82.4,82.4,88,11.41,40
ahuimanu,"(24.372761441160904, -156.6365869042853)",24.372761441160904,-156.6365869042853,75.83,78.8,61,4.7,75
toba,"(33.99646613209778, 137.20332013769945)",33.99646613209778,137.20332013769945,47.05,50,61,11.41,20
coihaique,"(-50.250656256059095, -82.4104418024007)",-50.250656256059095,-82.4104418024007,58.32,60.8,51,3.36,20
pemberton,"(50.99114222716997, -122.62471270895135)",50.99114222716997,-122.62471270895135,55.08,55.99,96,4.27,99
shakawe,"(-19.037152517226843, 21.146935437776648)",-19.037152517226843,21.146935437776648,77.3,77.3,29,3.8,76
bratsk,"(55.471553792344224, 102.12140797996858)",55.471553792344224,102.12140797996858,44.24,44.6,93,11.18,100
san cristobal,"(3.0031810179332155, -87.06066075286247)",3.0031810179332155,-87.06066075286247,109.7,109.7,8,13.11,7
xique-xique,"(-10.816289775159689, -42.665021891624804)",-10.816289775159689,-42.665021891624804,85.4,85.4,70,1.16,22
byron bay,"(-28.6891607038611, 157.13623913822573)",-28.6891607038611,157.13623913822573,85.46,87.8,37,5.82,1
harper,"(1.5464009370400618, -10.61811379362942)",1.5464009370400618,-10.61811379362942,78.78,82,74,9.17,90
muros,"(45.040065129623514, -12.096317774380111)",45.040065129623514,-12.096317774380111,57.27,61,81,17.22,40
touros,"(-5.283306734932609, -35.390925527085955)",-5.283306734932609,-35.390925527085955,75.2,75.2,100,2.24,75
chimore,"(-16.203536311840367, -64.90712076421323)",-16.203536311840367,-64.90712076421323,89,89,40,4.18,100
goulburn,"(-34.453922729953575, 149.28961017110265)",-34.453922729953575,149.28961017110265,46.49,46.99,94,1.99,0
salalah,"(19.41504820354271, 49.98851800643817)",19.41504820354271,49.98851800643817,84.2,84.2,66,3.36,0
tiksi,"(89.41571292887718, 129.67574738650768)",89.41571292887718,129.67574738650768,20.06,20.06,91,4.34,74
acajutla,"(7.257429000473209, -92.35835155314638)",7.257429000473209,-92.35835155314638,86,86,62,1.01,100
san angelo,"(30.417089672933287, -100.31527133525385)",30.417089672933287,-100.31527133525385,109.7,109.7,8,13.11,7
nouadhibou,"(20.685970975082355, -16.799179593457154)",20.685970975082355,-16.799179593457154,68,68,72,18.34,100
paamiut,"(62.097495676174304, -48.88532132616015)",62.097495676174304,-48.88532132616015,41.48,41.48,76,4.97,11
dikson,"(75.29958961135685, 72.93528615626224)",75.29958961135685,72.93528615626224,16.1,16.1,94,9.91,90
bethel,"(61.53745267912845, -156.90268593424156)",61.53745267912845,-156.90268593424156,44.58,46.4,81,16.11,90
damghan,"(35.510811671302605, 54.14788730253997)",35.510811671302605,54.14788730253997,57.14,57.14,51,3.71,99
sola,"(-14.144679168933962, 166.23186597739362)",-14.144679168933962,166.23186597739362,39.43,41,75,4.7,40
elizabeth city,"(34.44310305252449, -72.8357680177568)",34.44310305252449,-72.8357680177568,72.5,77,49,5.82,1
tuatapere,"(-55.694659384811004, 158.70182225668208)",-55.694659384811004,158.70182225668208,46.99,46.99,98,11.77,100
palmer,"(54.6562690908338, -144.17614202070715)",54.6562690908338,-144.17614202070715,52.57,57.2,58,13.87,20
kruisfontein,"(-86.46837082427463, 30.075411150058187)",-86.46837082427463,30.075411150058187,60.92,60.92,96,2.19,100
thompson,"(67.38411663974767, -89.55406701791989)",67.38411663974767,-89.55406701791989,41,41,35,5.82,90
luanda,"(-10.591160432653822, 10.38413144232814)",-10.591160432653822,10.38413144232814,78.8,78.8,83,4.7,75
east london,"(-44.88480947138798, 34.41301764028762)",-44.88480947138798,34.41301764028762,73.7,73.7,78,3.76,100
concordia,"(-31.34933407108673, -58.300066424633556)",-31.34933407108673,-58.300066424633556,69.91,70,60,17.22,0
krasnoyarsk,"(55.934237251309185, 92.97432296927536)",55.934237251309185,92.97432296927536,60.8,60.8,31,13.42,0
grindavik,"(52.96136860358226, -26.357249133011067)",52.96136860358226,-26.357249133011067,45.64,48.2,56,23.04,40
soe,"(-10.925731273108411, 124.712140942985)",-10.925731273108411,124.712140942985,41.36,42.01,65,9.17,85
kazerun,"(29.67392804190446, 51.37152777766278)",29.67392804190446,51.37152777766278,79.64,79.64,19,1.45,34
sinnamary,"(9.743395292253155, -51.342008321511145)",9.743395292253155,-51.342008321511145,81.8,81.8,82,15.64,88
klaksvik,"(66.69903678434477, -5.266595092057969)",66.69903678434477,-5.266595092057969,32,32,70,14.99,90
port augusta,"(-30.640794217587967, 135.8242410109504)",-30.640794217587967,135.8242410109504,58.17,64.99,54,3.36,0
jackson,"(35.49295613398833, -88.69646284544906)",35.49295613398833,-88.69646284544906,83.88,86,45,4.05,1
port shepstone,"(-38.314450252676686, 41.63087556743551)",-38.314450252676686,41.63087556743551,58.1,64.99,54,3.36,0
raudeberg,"(64.12601120234052, 1.7776448755898286)",64.12601120234052,1.7776448755898286,38.64,41,65,11.41,20
vikulovo,"(56.782311566212485, 70.45508107301629)",56.782311566212485,70.45508107301629,62.54,62.54,67,3.85,79
vadso,"(69.26664406153077, 28.402143944888138)",69.26664406153077,28.402143944888138,38.77,41,88,11.41,0
pouebo,"(-19.042538354966396, 165.68882201877574)",-19.042538354966396,165.68882201877574,72.44,72.44,89,7.81,92
babeni,"(47.33401848753704, 23.396523531887226)",47.33401848753704,23.396523531887226,46.34,46.34,67,4.38,91
dwarka,"(17.747691402476164, 64.16320790481322)",17.747691402476164,64.16320790481322,92.75,95,24,6.91,0
dickson,"(35.90463898264004, -87.3935481399009)",35.90463898264004,-87.3935481399009,81.91,84.99,44,6.93,20
intipuca,"(12.257661052595708, -88.09149985090072)",12.257661052595708,-88.09149985090072,93.18,95,50,13.87,20
fort nelson,"(58.24693444652877, -120.86664809686879)",58.24693444652877,-120.86664809686879,48.54,52,81,4.7,95
chuy,"(-49.35109253657911, -39.429898254833546)",-49.35109253657911,-39.429898254833546,63.26,63.26,68,9.86,7
baykit,"(63.528530235672775, 94.43696353077308)",63.528530235672775,94.43696353077308,34.28,34.28,90,9.55,93
tumaco,"(1.995603110872878, -79.38224527054406)",1.995603110872878,-79.38224527054406,80.72,80.72,85,15.14,100
ilhabela,"(-28.876786895760894, -43.12223950149084)",-28.876786895760894,-43.12223950149084,76.94,76.94,81,13.27,28
severobaykalsk,"(54.92746348433252, 108.71410915289675)",54.92746348433252,108.71410915289675,24.74,24.74,92,3.74,77
pisco,"(-17.53469707494881, -80.90265336451355)",-17.53469707494881,-80.90265336451355,71.83,72,30,5.82,0
lebu,"(-29.923459728320857, -102.72777530434769)",-29.923459728320857,-102.72777530434769,68,68,37,6.93,20
nioro,"(19.12722675369659, -8.591833876968991)",19.12722675369659,-8.591833876968991,111.5,111.5,10,10.83,0
vestmanna,"(65.01886883571038, -7.906566793711107)",65.01886883571038,-7.906566793711107,32,32,71,14.99,90
aykhal,"(68.70556134055221, 108.9703650636377)",68.70556134055221,108.9703650636377,21.2,21.2,62,2.24,0
iralaya,"(15.768171554547436, -82.95552763621261)",15.768171554547436,-82.95552763621261,86,86,70,10.29,75
khani,"(59.645265375742184, 120.41259225658337)",59.645265375742184,120.41259225658337,66.2,66.2,63,4.7,40
phalombe,"(-16.281061205055153, 36.3450103296486)",-16.281061205055153,36.3450103296486,58.94,58.94,97,4.61,2
dachau,"(48.38058534571596, 11.473201931107809)",48.38058534571596,11.473201931107809,48.4,51.8,49,4.7,47
mount gambier,"(-53.670539607388456, 130.62950621837126)",-53.670539607388456,130.62950621837126,48.25,52,93,10.29,75
revda,"(68.10688586403256, 34.08739993957471)",68.10688586403256,34.08739993957471,31.94,31.94,76,9.64,83
urupes,"(-21.292641990317705, -49.520796678770836)",-21.292641990317705,-49.520796678770836,87.8,87.8,48,6.93,40
svetlogorsk,"(67.97069447533775, 90.53364958307776)",67.97069447533775,90.53364958307776,55.4,55.4,47,4.47,40
mys shmidta,"(82.17937670933429, -171.11459916281862)",82.17937670933429,-171.11459916281862,53.54,53.54,81,7.63,60
ati,"(13.787773702451418, 18.184263466368577)",13.787773702451418,18.184263466368577,104.12,104.12,5,8.57,51
huarmey,"(-16.95140251177598, -92.72662193751368)",-16.95140251177598,-92.72662193751368,67.58,67.58,90,14.94,92
guerrero negro,"(14.595108863299785, -130.0273712876621)",14.595108863299785,-130.0273712876621,68,68,82,6.93,90
souillac,"(-42.42273724055059, 68.27388717956288)",-42.42273724055059,68.27388717956288,59.22,63,59,4.7,96
salta,"(-25.516288171294462, -67.69985952493928)",-25.516288171294462,-67.69985952493928,68,68,72,11.41,75
namatanai,"(-2.9123657106732708, 151.97764497705163)",-2.9123657106732708,151.97764497705163,76.4,76.4,87,3.33,99
laguna,"(-37.77705869741291, -36.30523039594536)",-37.77705869741291,-36.30523039594536,84.2,84.2,26,3.36,40
kaohsiung,"(21.230908876578496, 118.76272537761417)",21.230908876578496,118.76272537761417,69.4,71.6,100,3.36,75
esperance,"(-33.25468728217984, 121.6128506438327)",-33.25468728217984,121.6128506438327,87.6,88,62,14.99,20
oranjemund,"(-29.05649668831564, 14.091279310035759)",-29.05649668831564,14.091279310035759,58.58,58.58,93,4.61,67
praia da vitoria,"(47.3234437181662, -21.100572243395533)",47.3234437181662,-21.100572243395533,84.56,86,35,6.93,20
pacific grove,"(25.76395747287482, -137.0910209138611)",25.76395747287482,-137.0910209138611,65.86,71.01,43,5.82,1
biak,"(-0.31677994964015, 137.2531264483124)",-0.31677994964015,137.2531264483124,67.04,67.04,98,1.34,86
machakos,"(-1.5743111220582335, 37.21059956849729)",-1.5743111220582335,37.21059956849729,61.46,61.46,94,6.15,68
adrar,"(24.337360057750104, -0.08067285656008494)",24.337360057750104,-0.08067285656008494,95,95,9,5.82,0
oktyabrskiy,"(48.79252271335622, 118.46481045846178)",48.79252271335622,118.46481045846178,64.08,68,55,4.47,2
bilma,"(18.58460715594522, 15.633485479782394)",18.58460715594522,15.633485479782394,95.12,95.12,5,7.16,8
lata,"(-10.795250292993487, 167.41241980097885)",-10.795250292993487,167.41241980097885,26.54,26.54,63,10.8,21
olinda,"(-10.01221244613393, -26.079459451818053)",-10.01221244613393,-26.079459451818053,88.34,89.6,55,5.82,75
ranau,"(5.7377092728513475, 117.1214856052859)",5.7377092728513475,117.1214856052859,80.28,80.6,78,6.93,75
yarmouth,"(40.777945597128365, -66.78089546344839)",40.777945597128365,-66.78089546344839,52.77,54,62,9.17,0
sao jose da coroa grande,"(-13.131342839434751, -26.39430916492927)",-13.131342839434751,-26.39430916492927,91.88,91.88,19,17.72,1
jian,"(26.47589272379969, 114.86291562877392)",26.47589272379969,114.86291562877392,84.14,84.14,77,10,0
kangaatsiaq,"(69.9408552790915, -55.01124761357228)",69.9408552790915,-55.01124761357228,35.9,35.9,76,11.65,0
calama,"(-22.23695462193274, -69.45564038031556)",-22.23695462193274,-69.45564038031556,77,77,9,21.92,0
maningrida,"(-11.328490221947689, 133.0857263575578)",-11.328490221947689,133.0857263575578,75.14,75.14,80,11.36,100
lazaro cardenas,"(14.175156499970115, -103.86994289922004)",14.175156499970115,-103.86994289922004,79.39,82,32,8.05,75
mehamn,"(71.68635473256259, 27.671321264181756)",71.68635473256259,27.671321264181756,39.81,41,59,10.29,0
podosinovets,"(59.95122457794065, 47.067471755735426)",59.95122457794065,47.067471755735426,55.88,55.88,90,5.21,82
uni,"(57.609513392584375, 51.2262106203641)",57.609513392584375,51.2262106203641,56.6,56.6,92,7,77
aragarcas,"(-16.396725012069567, -52.59174927795861)",-16.396725012069567,-52.59174927795861,93.2,93.2,49,2.24,40
yinchuan,"(38.319084343707715, 107.31264219137148)",38.319084343707715,107.31264219137148,46,46,87,3,100
vagur,"(60.244734798349754, -6.924411539546924)",60.244734798349754,-6.924411539546924,39.86,39.86,65,15.03,99
hinton,"(53.52123948667875, -117.45360180896301)",53.52123948667875,-117.45360180896301,43.46,43.46,81,3.44,64
vanavara,"(59.95796964820133, 104.57214194136617)",59.95796964820133,104.57214194136617,37.16,37.16,83,3.69,100
puerto leguizamo,"(0.4307046918810329, -73.77580900071936)",0.4307046918810329,-73.77580900071936,79,79,85,5.99,84
gopalpur,"(18.87902861712938, 85.12266130670344)",18.87902861712938,85.12266130670344,86.66,86.66,38,6.85,0
sombrio,"(-28.80510590258028, -49.94848874768681)",-28.80510590258028,-49.94848874768681,63.44,63.44,75,4.03,89
vardo,"(76.63934971467131, 33.31166535236949)",76.63934971467131,33.31166535236949,79.7,82.99,34,8.05,1
grand gaube,"(-13.702471909730491, 65.53754927704321)",-13.702471909730491,65.53754927704321,52.59,55.4,57,3.36,0
buraydah,"(27.864943951669005, 44.161097681746185)",27.864943951669005,44.161097681746185,91.4,91.4,27,4.7,20
iqaluit,"(59.98083109257419, -69.4568378211876)",59.98083109257419,-69.4568378211876,33.37,33.8,100,3.36,90
wajir,"(1.6380397475066104, 39.104023652806944)",1.6380397475066104,39.104023652806944,87.8,87.8,55,12.75,5
gouyave,"(12.222482134017696, -62.51188427654611)",12.222482134017696,-62.51188427654611,84.2,84.2,74,20.8,20
prince albert,"(54.186878306200384, -105.78801086055176)",54.186878306200384,-105.78801086055176,53.83,54,23,13.87,1
kyzyl-suu,"(42.34453263547451, 77.50202660469654)",42.34453263547451,77.50202660469654,51.74,51.74,31,5.3,63
tezu,"(27.866108913990374, 96.78983626839994)",27.866108913990374,96.78983626839994,68.3,68.3,60,4.7,1
azanka,"(58.2959535192721, 64.85369915144983)",58.2959535192721,64.85369915144983,62.9,62.9,45,5.93,61
mount isa,"(-20.422486783739913, 137.3750206587289)",-20.422486783739913,137.3750206587289,48.25,52,93,10.29,75
egvekinot,"(62.73359690244945, -179.92888598397732)",62.73359690244945,-179.92888598397732,17.18,17.18,94,16.46,36
padang,"(-8.542664468754765, 88.77264237354734)",-8.542664468754765,88.77264237354734,83.78,83.78,73,7.65,1
cayenne,"(14.977050190658403, -41.617884406000485)",14.977050190658403,-41.617884406000485,86,86,70,16.11,91
samarai,"(-12.352267940938958, 153.77026996978697)",-12.352267940938958,153.77026996978697,72.62,72.62,97,4.07,16
clovis,"(37.3668393233188, -119.34840001117716)",37.3668393233188,-119.34840001117716,68.83,72,49,7.05,1
parana,"(-12.796075688864647, -48.141197295860536)",-12.796075688864647,-48.141197295860536,91.4,91.4,63,3.36,40
mahebourg,"(-37.30008037045091, 69.54625742549547)",-37.30008037045091,69.54625742549547,76.46,78.8,78,6.93,40
santa cruz,"(10.10775154278737, -86.30757458114134)",10.10775154278737,-86.30757458114134,82.52,82.52,80,8.68,100
kungalv,"(57.974025420046445, 11.524539387142312)",57.974025420046445,11.524539387142312,43.34,46,65,10.29,40
inirida,"(3.261530976830983, -68.16211796393137)",3.261530976830983,-68.16211796393137,80.54,80.54,91,2.64,98
hamilton,"(32.33500849075618, -67.77201564518265)",32.33500849075618,-67.77201564518265,73.72,73.99,60,13.87,75
gold coast,"(-27.6063070334261, 154.93726373513346)",-27.6063070334261,154.93726373513346,74.05,80.01,77,5.82,90
pandan,"(16.982280063795898, 127.11659707939424)",16.982280063795898,127.11659707939424,83.42,83.42,79,12.57,100
ginda,"(16.037681034903343, 39.291882491980914)",16.037681034903343,39.291882491980914,56.42,56.42,28,7.23,5
manjeshwar,"(12.515357840689532, 74.6197209525753)",12.515357840689532,74.6197209525753,82.4,82.4,78,3.36,40
bubaque,"(5.944589417072365, -22.570347218746946)",5.944589417072365,-22.570347218746946,80.54,80.54,75,15.9,16
caltzontzin,"(19.383891335093438, -101.96934444395244)",19.383891335093438,-101.96934444395244,78.35,78.8,22,11.41,40
tukan,"(54.02325036746157, 57.15478855303249)",54.02325036746157,57.15478855303249,56.6,56.6,84,5.03,5
huallanca,"(-9.94828332176266, -76.98246976685058)",-9.94828332176266,-76.98246976685058,57.5,57.5,42,14.99,30
mola di bari,"(41.38780727778533, 17.137146720546184)",41.38780727778533,17.137146720546184,42.56,42.56,98,1.79,67
soyo,"(-8.535094459290548, 9.190095779318654)",-8.535094459290548,9.190095779318654,80.9,80.9,87,8.57,42
acapulco,"(9.88541300389582, -103.27612077680196)",9.88541300389582,-103.27612077680196,86,86,66,9.17,5
hastings,"(50.67173185676904, 0.909795334099897)",50.67173185676904,0.909795334099897,47.42,47.42,92,2.1,87
westport,"(53.718936499181325, -10.874253071448038)",53.718936499181325,-10.874253071448038,48.27,50,75,8.05,75
decatur,"(40.06322414161218, -88.66989163976174)",40.06322414161218,-88.66989163976174,80.13,84,34,4.27,1
morant bay,"(16.255271895001314, -76.77799101799326)",16.255271895001314,-76.77799101799326,84.2,84.2,62,21.92,20
lorengau,"(7.969353214185702, 150.29973112479968)",7.969353214185702,150.29973112479968,78.56,78.56,90,6.78,87
itumbiara,"(-18.292524490834936, -49.394025908843076)",-18.292524490834936,-49.394025908843076,85.58,85.58,55,1.43,0
conakry,"(9.080906023721255, -14.320278578641734)",9.080906023721255,-14.320278578641734,84.2,84.2,74,11.41,20
talnakh,"(78.80254562116065, 91.70143942901007)",78.80254562116065,91.70143942901007,14,14,92,15.66,75
kitimat,"(53.61505555056874, -127.68188924918965)",53.61505555056874,-127.68188924918965,57.24,59,58,2.24,75
kohlu,"(30.096236290046974, 69.14667596481604)",30.096236290046974,69.14667596481604,82.52,82.52,8,5.17,0
kawalu,"(-14.140527777118635, 107.14350954714797)",-14.140527777118635,107.14350954714797,70.82,70.82,97,2.62,97
tyukhtet,"(57.4824580160936, 89.17847727421832)",57.4824580160936,89.17847727421832,55.7,55.7,45,7.99,88
luxor,"(25.670282444298337, 33.28649388138308)",25.670282444298337,33.28649388138308,87.8,87.8,23,4.7,0
auki,"(-6.335767429365347, 164.40412323457116)",-6.335767429365347,164.40412323457116,104.12,104.12,14,9.44,84
kimbe,"(-5.558579780539219, 151.36789186727293)",-5.558579780539219,151.36789186727293,74.24,74.24,92,4.16,83
aksarka,"(72.23934170708745, 67.8607078713641)",72.23934170708745,67.8607078713641,23.84,23.84,84,7.09,1
carauari,"(-4.681480302767255, -65.50326385038225)",-4.681480302767255,-65.50326385038225,93.5,93.5,50,2.71,71
mbini,"(1.6068202744225175, 9.625840980050953)",1.6068202744225175,9.625840980050953,80.9,80.9,82,4.63,100
manta,"(-0.8897004312488122, -82.21367091346728)",-0.8897004312488122,-82.21367091346728,46.34,46.34,67,4.38,91
poso,"(-1.6491841397953806, 120.66804495728394)",-1.6491841397953806,120.66804495728394,64.7,64.7,99,0.94,93
komsomolskiy,"(70.38614943634846, 172.86894284371868)",70.38614943634846,172.86894284371868,18.44,18.44,94,4.32,1
ancud,"(-42.45078930417174, -89.98926600098724)",-42.45078930417174,-89.98926600098724,57.2,57.2,76,5.82,20
mwandiga,"(-4.751217451336345, 29.881612455756255)",-4.751217451336345,29.881612455756255,76.76,76.76,74,8.39,99
sweetwater,"(32.54601713730061, -100.47137552947437)",32.54601713730061,-100.47137552947437,78.66,81,69,18.34,75
koidu,"(8.657938488371968, -10.742639770378617)",8.657938488371968,-10.742639770378617,87.2,87.2,62,3.18,88
santa isabel do rio negro,"(0.9064073364630616, -64.50119261261379)",0.9064073364630616,-64.50119261261379,82.52,82.52,80,8.68,100
mitsamiouli,"(-7.366790692847175, 44.146242515258876)",-7.366790692847175,44.146242515258876,82.4,82.4,78,8.05,75
poum,"(-19.25202934224677, 162.76482072257005)",-19.25202934224677,162.76482072257005,46.4,46.4,65,4.7,75
kodinsk,"(60.235598985064655, 99.68691437459972)",60.235598985064655,99.68691437459972,47.24,47.24,86,8.9,95
karolinka,"(49.255617685395265, 18.267007583188217)",49.255617685395265,18.267007583188217,43.97,48.2,70,3.36,20
fukue,"(32.07966236634587, 126.16586973699123)",32.07966236634587,126.16586973699123,48.79,54,61,11.41,20
praya,"(-9.70726015951989, 116.18493856592482)",-9.70726015951989,116.18493856592482,81.44,81.44,73,13.35,22
sidi bu zayd,"(34.50948232771624, 9.388103128010073)",34.50948232771624,9.388103128010073,83.96,83.96,55,4.94,74
alvorada,"(-12.360794345406063, -48.53756221428384)",-12.360794345406063,-48.53756221428384,71.13,72,56,9.17,20
buenos aires,"(7.671592100325881, -84.74092565597698)",7.671592100325881,-84.74092565597698,76.3,77,57,20.8,75
twante,"(16.798564926790576, 95.87843170431569)",16.798564926790576,95.87843170431569,84.2,84.2,74,8.05,40
itarema,"(2.406753070268053, -38.766870205028)",2.406753070268053,-38.766870205028,78.92,78.92,89,5.99,100
jalu,"(26.386273128337564, 24.556262031338946)",26.386273128337564,24.556262031338946,74.6,74.6,23,17.85,0
uyuni,"(-19.82700842608105, -66.96616277706465)",-19.82700842608105,-66.96616277706465,58.58,58.58,38,11.54,99
kodiak,"(51.95241708343514, -149.27380447552179)",51.95241708343514,-149.27380447552179,58.12,61,100,5.82,90
kendari,"(-3.900292262201546, 123.49970752196015)",-3.900292262201546,123.49970752196015,75.68,75.68,94,3.36,56
kieta,"(-5.709468027794827, 157.58203766050485)",-5.709468027794827,157.58203766050485,82.34,82.34,76,6.53,100
jabinyanah,"(34.74646500117851, 12.051714018650244)",34.74646500117851,12.051714018650244,62.6,62.6,67,8.05,20
zhigansk,"(67.56678151481432, 126.40409243619393)",67.56678151481432,126.40409243619393,28.52,28.52,96,1.81,100
belyy yar,"(57.856499467946435, 84.68498324870978)",57.856499467946435,84.68498324870978,45.44,45.44,93,9.55,100
luena,"(-13.29751488963079, 19.845290413252826)",-13.29751488963079,19.845290413252826,71.72,71.72,62,2.71,80
marawi,"(20.91442256048724, 27.046231964467466)",20.91442256048724,27.046231964467466,79,79,85,5.99,91
trinidad,"(5.581590579671797, -71.40638054330648)",5.581590579671797,-71.40638054330648,64.34,64.34,61,11.41,37
taunggyi,"(21.427296232440497, 97.37311708014983)",21.427296232440497,97.37311708014983,73.7,73.7,56,3.96,51
bereda,"(13.700341945720908, 50.378934653936795)",13.700341945720908,50.378934653936795,61.34,66,72,17.22,20
charlestown,"(40.148425392595726, -71.51383050779152)",40.148425392595726,-71.51383050779152,65.03,72,59,13.87,20
alofi,"(-20.848028031507823, -165.52594036420376)",-20.848028031507823,-165.52594036420376,75.2,75.2,78,8.05,13
nang rong,"(14.42159412773752, 102.9483266080494)",14.42159412773752,102.9483266080494,39.68,39.68,61,5.88,48
pueblo nuevo,"(23.064278812679362, -105.2117515996128)",23.064278812679362,-105.2117515996128,48.24,52,87,17.22,90
saint-louis,"(16.037675730132833, -17.53977261304553)",16.037675730132833,-17.53977261304553,52.57,57.99,62,4.7,0
kampot,"(9.928553982973511, 102.92891414145208)",9.928553982973511,102.92891414145208,83.21,86,74,6.93,40
atambua,"(-7.987120469513087, 125.29537927600893)",-7.987120469513087,125.29537927600893,81.98,81.98,72,14.74,100
canutama,"(-5.698946752303954, -65.30683951747822)",-5.698946752303954,-65.30683951747822,93.32,93.32,44,3.27,42
soloneshnoye,"(51.269270721110985, 84.12579707859902)",51.269270721110985,84.12579707859902,56.96,56.96,46,3.65,0
shitanjing,"(39.45181347455235, 104.52083566518598)",39.45181347455235,104.52083566518598,46,46,87,3,100
lasa,"(33.93538984761156, 92.08668239637086)",33.93538984761156,92.08668239637086,62.56,64.4,68,14.99,75
chapais,"(55.63704170436378, -72.12823105423173)",55.63704170436378,-72.12823105423173,32,32,63,8.05,90
chikwawa,"(-16.66098564581152, 34.45302282318906)",-16.66098564581152,34.45302282318906,67.22,67.22,75,3.87,5
san juan de la maguana,"(18.782520012681857, -71.09450698025978)",18.782520012681857,-71.09450698025978,109.7,109.7,8,13.11,7
ligayan,"(2.868376539295582, 119.60761491758774)",2.868376539295582,119.60761491758774,85.22,85.22,73,7.56,74
solenzo,"(12.140038198532451, -3.9363573332961153)",12.140038198532451,-3.9363573332961153,103.22,103.22,21,6.31,57
berlevag,"(76.24948915341577, 31.360238254618253)",76.24948915341577,31.360238254618253,37.4,37.4,44,4.7,0
fare,"(-8.803410418438546, -148.60008399114508)",-8.803410418438546,-148.60008399114508,82.52,82.52,71,6.82,74
ankang,"(32.45925707122075, 108.51293921502048)",32.45925707122075,108.51293921502048,43.82,43.82,86,2.84,94
monrovia,"(0.35937288746569607, -15.252015130955328)",0.35937288746569607,-15.252015130955328,80.6,80.6,88,5.82,75
mayo,"(64.2653646948782, -134.74952943261965)",64.2653646948782,-134.74952943261965,57.2,57.2,35,4.7,20
benjamin constant,"(-4.600308456054265, -70.59136482751666)",-4.600308456054265,-70.59136482751666,77,77,73,13,96
mogadishu,"(0.7142193774232481, 46.17224251882408)",0.7142193774232481,46.17224251882408,82.7,82.7,78,10.38,93
nauta,"(-3.9177343638887265, -74.14070270869604)",-3.9177343638887265,-74.14070270869604,91.88,91.88,47,3,38
kenai,"(63.133204222290914, -154.80868495676017)",63.133204222290914,-154.80868495676017,52.63,55.4,62,3.36,90
caravelas,"(-19.0637858971824, -28.511099914595007)",-19.0637858971824,-28.511099914595007,87.38,87.38,56,2.48,20
sur,"(18.271710229296104, 59.9254737717886)",18.271710229296104,59.9254737717886,88.82,88.82,37,14.83,0
shatrovo,"(56.54281995341586, 64.82052326425574)",56.54281995341586,64.82052326425574,39.02,44.6,70,14.99,90
moindou,"(-22.08578136561667, 165.44230192786227)",-22.08578136561667,165.44230192786227,71.6,71.6,94,6.2,90
sorland,"(73.01634918200219, 6.204801778283837)",73.01634918200219,6.204801778283837,44.6,44.6,75,12.75,0
vorobyevka,"(50.455168916228615, 41.108491046954754)",50.455168916228615,41.108491046954754,62.36,62.36,65,6.91,31
awjilah,"(24.155104337372848, 19.26166354863409)",24.155104337372848,19.26166354863409,73.34,73.34,27,17.83,0
gawler,"(-34.376113278873426, 137.8746929812438)",-34.376113278873426,137.8746929812438,52.57,57.2,54,16.11,20
gouloure,"(12.429014858600937, -2.0602744947109954)",12.429014858600937,-2.0602744947109954,100.4,100.4,31,2.24,55
aksha,"(49.38149992700161, 114.32713761014446)",49.38149992700161,114.32713761014446,38.96,38.96,46,6.2,25
san policarpo,"(12.362902097279246, 125.92842012248474)",12.362902097279246,125.92842012248474,109.7,109.7,8,13.11,7
poronaysk,"(50.30883611652476, 145.1902760822154)",50.30883611652476,145.1902760822154,37.88,37.88,94,2.28,100
colac,"(-39.22580883582919, 143.91341586032303)",-39.22580883582919,143.91341586032303,49.19,51.01,97,3,100
jiazi,"(20.93022392074046, 117.02508230272451)",20.93022392074046,117.02508230272451,78.8,78.8,94,8.95,90
marsabit,"(2.736759136104311, 38.43947453629849)",2.736759136104311,38.43947453629849,84.47,84.47,55,20.04,97
mouila,"(-2.2387310206438684, 10.530203563193794)",-2.2387310206438684,10.530203563193794,76.01,76.01,94,2.39,100
okulovka,"(58.56637822770551, 33.093243903994136)",58.56637822770551,33.093243903994136,42.53,42.53,91,6.6,100
buchanan,"(4.437920932516775, -10.993469579550606)",4.437920932516775,-10.993469579550606,80.6,80.6,88,5.82,75
shillong,"(25.364084694633178, 91.94718931764498)",25.364084694633178,91.94718931764498,75.2,75.2,88,5.82,75
aloleng,"(15.25971671933587, 116.24092581544477)",15.25971671933587,116.24092581544477,83.75,83.75,75,7.07,100
whitehorse,"(62.61156788952621, -133.48813082848227)",62.61156788952621,-133.48813082848227,50.79,52,53,12.75,75
ilulissat,"(75.2475932554475, -44.20426887111395)",75.2475932554475,-44.20426887111395,37.4,37.4,74,4.7,5
krasnyy chikoy,"(49.841235452864396, 109.26241043649122)",49.841235452864396,109.26241043649122,57,57,50,4.88,15
galveston,"(29.155288146464144, -94.73938476117947)",29.155288146464144,-94.73938476117947,67.89,75.99,77,13.87,20
morros,"(-10.235177453809314, -46.401152868515624)",-10.235177453809314,-46.401152868515624,82.4,82.4,83,13.87,75
nichinan,"(30.95986233633448, 132.22573086575233)",30.95986233633448,132.22573086575233,51.01,51.01,55,3.67,100
kaitangata,"(-55.561767519898616, 171.88566381468604)",-55.561767519898616,171.88566381468604,48,48,93,4,100
ghanzi,"(-21.554852710074712, 20.751083620607858)",-21.554852710074712,20.751083620607858,68.99,68.99,37,6.93,34
yamethin,"(20.45238539885996, 95.9449158936942)",20.45238539885996,95.9449158936942,84.83,84.83,45,8.72,54
baiyin,"(36.73376241454673, 104.08313854050493)",36.73376241454673,104.08313854050493,42.8,42.8,100,2.24,75
vila franca do campo,"(38.95719113981738, -20.175256890450754)",38.95719113981738,-20.175256890450754,57.88,61,81,10.29,40
tupanatinga,"(-8.701447942664089, -37.24524437657308)",-8.701447942664089,-37.24524437657308,76.91,76.91,54,6.73,100
okha,"(56.24728578275969, 142.8148566750191)",56.24728578275969,142.8148566750191,36.26,36.26,91,13.35,99
calbuco,"(-41.80092470215383, -73.2650817868225)",-41.80092470215383,-73.2650817868225,53.6,53.6,76,8.05,40
gushikawa,"(23.599225436501854, 133.13609499693712)",23.599225436501854,133.13609499693712,69.19,71.6,82,5.82,40
shingu,"(23.00188573800814, 139.40772961950137)",23.00188573800814,139.40772961950137,38.39,38.39,34,4.32,0
khandbari,"(30.288302213068306, 86.90854797913715)",30.288302213068306,86.90854797913715,51.53,51.53,36,5.35,0
estevan,"(49.1326551801715, -102.87118320726738)",49.1326551801715,-102.87118320726738,56.55,57.2,32,10.29,90
namibe,"(-13.784143269129217, 6.898446680682866)",-13.784143269129217,6.898446680682866,72.95,72.95,74,11.56,85
quedlinburg,"(51.86239744020665, 11.311705293482106)",51.86239744020665,11.311705293482106,47.23,50,67,6.08,87
yeppoon,"(-21.13803139637811, 152.52791259964704)",-21.13803139637811,152.52791259964704,60.8,60.8,87,2.24,0
marsa matruh,"(28.587390968329316, 27.183069903711896)",28.587390968329316,27.183069903711896,58.91,62.01,72,17.22,0
sawakin,"(19.30685067553715, 37.37230913598083)",19.30685067553715,37.37230913598083,79.79,79.79,50,3.8,0
adiake,"(5.1066083727168206, -2.9542363168140184)",5.1066083727168206,-2.9542363168140184,86,86,74,8.05,20
naftalan,"(40.42158720746832, 46.64811539760905)",40.42158720746832,46.64811539760905,71.6,71.6,46,9.17,75
pierre,"(43.07260277060212, -100.31517683630123)",43.07260277060212,-100.31517683630123,44.56,45,70,12.75,90
tiarei,"(-11.654062784308366, -146.6096786711039)",-11.654062784308366,-146.6096786711039,86,86,70,11.41,20
kindu,"(-2.1886139805939564, 26.630406593154305)",-2.1886139805939564,26.630406593154305,71.87,71.87,96,1.41,100
ribas do rio pardo,"(-20.075713636182115, -53.52075799397669)",-20.075713636182115,-53.52075799397669,59.68,62.01,93,14.99,75
sao filipe,"(12.333990360177552, -29.640800246582813)",12.333990360177552,-29.640800246582813,91.88,91.88,19,17.72,1
rovnoye,"(51.00848338944789, 46.21776307296804)",51.00848338944789,46.21776307296804,63.41,63.41,62,3.2,83
san andres,"(11.123026472522, -81.01218551393364)",11.123026472522,-81.01218551393364,104.09,104.09,8,8.37,11
kailua,"(29.100381749934314, -154.05630164125503)",29.100381749934314,-154.05630164125503,75.97,78.8,61,4.7,75
saint-lo,"(49.214318969003756, -1.058799896672582)",49.214318969003756,-1.058799896672582,52.97,55.4,50,12.75,100
georgiyevka,"(43.15240748412256, 74.54478322973841)",43.15240748412256,74.54478322973841,60.17,60.17,65,7.58,0
luganville,"(-14.811127474810348, 162.85564734723766)",-14.811127474810348,162.85564734723766,77,77,100,4.7,40
artyom,"(40.607725013045524, 52.199587109152446)",40.607725013045524,52.199587109152446,35.6,35.6,80,4.47,56
saurimo,"(-9.0545085692997, 19.04337185137078)",-9.0545085692997,19.04337185137078,71.87,71.87,67,4.7,31
vila,"(-17.91383131230144, 167.43945548090522)",-17.91383131230144,167.43945548090522,57.88,61,81,10.29,40
ust-kuyga,"(69.15946754267901, 134.83865972326947)",69.15946754267901,134.83865972326947,28.67,28.67,80,5.46,0
puerto madero,"(12.738488705659222, -94.72049920448258)",12.738488705659222,-94.72049920448258,79,79,85,5.99,71
virginia beach,"(35.22263190556164, -71.73172276154388)",35.22263190556164,-71.73172276154388,52.03,53.01,27,3.36,1
sept-iles,"(56.654167707572526, -66.87193788287244)",56.654167707572526,-66.87193788287244,40.12,41,93,5.82,90
saint-philippe,"(-61.56871204123466, 72.76847864549816)",-61.56871204123466,72.76847864549816,62.71,66,44,9.17,90
tual,"(-7.31730777242602, 132.91337051396022)",-7.31730777242602,132.91337051396022,83.03,83.03,78,14.47,100
dingle,"(50.89266431848739, -18.204172084566153)",50.89266431848739,-18.204172084566153,78.53,78.53,76,3,99
san luis,"(-34.327074205529286, -66.89405584075197)",-34.327074205529286,-66.89405584075197,109.7,109.7,8,13.11,7
dabakala,"(8.942860539941975, -4.383928063875288)",8.942860539941975,-4.383928063875288,84.11,84.11,71,6.89,69
slimnic,"(45.963839197077846, 24.194832294812244)",45.963839197077846,24.194832294812244,42.89,43,81,10.29,75
hambantota,"(1.5226465905251985, 83.63465857032975)",1.5226465905251985,83.63465857032975,80.6,80.6,100,5.82,0
jiangyou,"(32.754902815143296, 103.46411406940916)",32.754902815143296,103.46411406940916,44.15,44.15,98,2.3,78
arlit,"(19.248223820911363, 7.614799959972146)",19.248223820911363,7.614799959972146,95.99,95.99,9,10.87,5
srednekolymsk,"(68.81364701632185, 154.33544663706397)",68.81364701632185,154.33544663706397,33.71,33.71,91,12.66,67
polunochnoye,"(62.19784793372506, 60.82139370158117)",62.19784793372506,60.82139370158117,46.85,46.85,81,10.27,100
yaransk,"(57.439939999934325, 47.58707765351403)",57.439939999934325,47.58707765351403,56.39,56.39,84,3.42,7
pimentel,"(-11.284582013135662, -87.5045321200244)",-11.284582013135662,-87.5045321200244,78.17,78.17,88,3.38,87
hofn,"(65.21509811524436, -14.063706065905876)",65.21509811524436,-14.063706065905876,24.89,24.89,74,10.6,100
ulaangom,"(46.6984493558798, 93.1012389804838)",46.6984493558798,93.1012389804838,52.97,52.97,31,7.99,0
san vicente,"(18.67682600674965, 125.99459246277684)",18.67682600674965,125.99459246277684,104.09,104.09,8,8.37,11
nador,"(32.932823779250825, -1.52650826259881)",32.932823779250825,-1.52650826259881,71.6,71.6,37,6.93,0
nishihara,"(23.72781492190164, 131.36533859131913)",23.72781492190164,131.36533859131913,46.47,55.99,21,3.36,1
hualmay,"(-17.052135983692168, -87.68234503141228)",-17.052135983692168,-87.68234503141228,66.83,66.83,89,14.27,10
abashiri,"(44.480940216301065, 144.44941717916578)",44.480940216301065,144.44941717916578,36,36,87,5.01,0
spearfish,"(43.47730567875681, -104.35421719866164)",43.47730567875681,-104.35421719866164,39.56,42.01,100,17.22,90
seoul,"(34.53921474486161, 125.52102405401433)",34.53921474486161,125.52102405401433,45.93,50,75,3.36,1
konstantinovka,"(49.257395745296776, 127.09656200144099)",49.257395745296776,127.09656200144099,48,48,86,5.99,96
simao,"(24.1352194874476, 100.56192695609343)",24.1352194874476,100.56192695609343,64.85,64.85,51,1.41,31
kelso,"(46.34771037511132, -122.96773348044461)",46.34771037511132,-122.96773348044461,68.59,73,63,8.05,1
atasu,"(46.89475957648196, 70.20604481486689)",46.89475957648196,70.20604481486689,56.57,56.57,51,5.82,0
chenghai,"(23.673527927182903, 117.2153902413607)",23.673527927182903,117.2153902413607,66.2,66.2,82,2.24,90
verkh-suetka,"(53.43396885148965, 79.99996112769526)",53.43396885148965,79.99996112769526,60.17,60.17,37,3,71
pokhara,"(30.232614135090543, 84.39334273291149)",30.232614135090543,84.39334273291149,54.8,54.8,21,6.08,0
xai-xai,"(-26.036647670360367, 34.08788028474112)",-26.036647670360367,34.08788028474112,70.64,70.64,85,4.94,2
cremona,"(45.14629218783847, 10.199611662856142)",45.14629218783847,10.199611662856142,59.76,62.01,58,2.24,0
bambous virieux,"(-28.207303448062596, 77.69473152402975)",-28.207303448062596,77.69473152402975,76.73,78.8,78,6.93,40
nuuk,"(64.00358309434111, -52.10885645738318)",64.00358309434111,-52.10885645738318,48.09,48.2,66,9.17,20
solnechnyy,"(58.75581831857943, 136.2005571301841)",58.75581831857943,136.2005571301841,34.43,34.43,79,2.84,0
panjab,"(34.116395367604454, 66.18622940066129)",34.116395367604454,66.18622940066129,41.81,41.81,36,5.26,80
kushima,"(27.73994308085919, 134.6903503837283)",27.73994308085919,134.6903503837283,51.01,51.01,55,3.67,100
bandarbeyla,"(9.186399090117675, 55.782771374685524)",9.186399090117675,55.782771374685524,81.05,81.05,72,8.79,11
viedma,"(-42.38339485002052, -62.888089051967796)",-42.38339485002052,-62.888089051967796,60.17,60.17,44,9.73,100
meadville,"(41.85267752610551, -80.26500743099575)",41.85267752610551,-80.26500743099575,56.64,70,62,8.05,20
palwal,"(28.285899465078472, 77.39620780195838)",28.285899465078472,77.39620780195838,92.64,95,24,8.41,0
oksfjord,"(71.58647474365512, 21.722625183866654)",71.58647474365512,21.722625183866654,43.86,46.4,45,9.17,40
kamenka,"(68.82298368618336, 44.86835856003049)",68.82298368618336,44.86835856003049,62.01,62.01,72,3.98,0
xining,"(32.91988901351566, 97.96738848448223)",32.91988901351566,97.96738848448223,33.53,33.53,84,3.36,50
dandong,"(39.47561452550693, 125.43300268293922)",39.47561452550693,125.43300268293922,50.09,50.09,56,4.74,0
high level,"(58.375306738095304, -117.18155884000056)",58.375306738095304,-117.18155884000056,82.56,86,65,9.17,40
mbandaka,"(0.5871205742289902, 18.94279201476445)",0.5871205742289902,18.94279201476445,75.47,75.47,83,3.13,100
cernavoda,"(44.373514234133864, 28.000025844640646)",44.373514234133864,28.000025844640646,49.42,51.8,93,8.05,75
harlingen,"(53.9842625887693, 4.971398391183271)",53.9842625887693,4.971398391183271,88.34,91.4,58,13.87,75
iranshahr,"(26.872476827923947, 59.02840226719891)",26.872476827923947,59.02840226719891,86,86,30,11.41,40
hammerfest,"(74.28676110326964, 21.82205845905827)",74.28676110326964,21.82205845905827,43.34,46.4,64,12.75,0
raiwind,"(31.264854417778466, 74.21869876467693)",31.264854417778466,74.21869876467693,84.2,84.2,35,7.65,0
broome,"(-14.604108774270827, 122.67235863449918)",-14.604108774270827,122.67235863449918,51.19,53.6,87,6.93,0
pembroke,"(45.83416469077508, -76.85680642293389)",45.83416469077508,-76.85680642293389,49.15,50,57,9.17,90
makakilo city,"(13.266573522770017, -162.61926327373538)",13.266573522770017,-162.61926327373538,75.96,78.8,61,4.7,75
greenfield,"(36.221782364131926, -121.37424410918513)",36.221782364131926,-121.37424410918513,68.32,75.2,43,6.93,75
puerto rondon,"(6.180928369399254, -70.76237890625804)",6.180928369399254,-70.76237890625804,79,79,85,5.99,71
bure,"(11.377197927953574, 36.115583929678394)",11.377197927953574,36.115583929678394,93.47,93.47,25,7.11,100
ovalle,"(-30.372989883723662, -71.00283908987538)",-30.372989883723662,-71.00283908987538,63.77,63.77,61,10.38,15
campeche,"(20.28866352095865, -90.73203104851132)",20.28866352095865,-90.73203104851132,95,95,41,11.41,20
kavaratti,"(11.319447788164354, 71.35715590816466)",11.319447788164354,71.35715590816466,84.11,84.11,61,9.62,0
puerto suarez,"(-19.656450983373702, -58.177357247883066)",-19.656450983373702,-58.177357247883066,79,79,85,5.99,71
bonfim,"(1.4103127993907947, -57.58357021993393)",1.4103127993907947,-57.58357021993393,84.72,86,35,6.93,20
richards bay,"(-28.87885118083907, 36.14759768970316)",-28.87885118083907,36.14759768970316,53.44,57,32,6.4,1
altea,"(38.53634200181196, 0.1203257434584657)",38.53634200181196,0.1203257434584657,66.65,71.01,82,3.36,20
penzance,"(48.56490657124988, -7.710100404478084)",48.56490657124988,-7.710100404478084,50.38,53.01,93,13.87,90
kloulklubed,"(5.346365421897417, 133.61765230527988)",5.346365421897417,133.61765230527988,83.39,83.39,79,16.96,100
ippy,"(5.855855600624054, 21.151078729668626)",5.855855600624054,21.151078729668626,74.75,74.75,89,2.13,100
ludvika,"(61.302333683314146, 13.887536522133644)",61.302333683314146,13.887536522133644,39.22,41,91,11.41,8
gwanda,"(-21.47640715450723, 29.344776623792654)",-21.47640715450723,29.344776623792654,62.15,62.15,64,6.35,0
gat,"(22.496440526361496, 12.405894154699325)",22.496440526361496,12.405894154699325,77,77,61,20.8,0
mogapi,"(-22.692291427027627, 28.147919138080283)",-22.692291427027627,28.147919138080283,73.4,73.4,53,11.5,0
muravlenko,"(64.59146311092809, 74.1807318853426)",64.59146311092809,74.1807318853426,26.69,26.69,89,7.61,0
weiser,"(44.92067923723232, -117.10506837368115)",44.92067923723232,-117.10506837368115,74.66,78.8,19,13.87,1
ocos,"(12.69854380647358, -94.01797362465824)",12.69854380647358,-94.01797362465824,96.8,96.8,47,6.93,40
bijar,"(35.82117514968341, 48.222449020464126)",35.82117514968341,48.222449020464126,55.13,55.13,52,5.73,12
vercheres,"(45.80553407475722, -73.462409503187)",45.80553407475722,-73.462409503187,62.49,66,44,9.17,90
north platte,"(41.562418577125214, -101.75661167267226)",41.562418577125214,-101.75661167267226,80.73,82.99,44,3.36,40
brandon,"(32.02025300264013, -89.91648691010289)",32.02025300264013,-89.91648691010289,58.28,63,44,9.17,40
necochea,"(-42.01815085863885, -57.787952743689345)",-42.01815085863885,-57.787952743689345,64.99,64.99,27,3,98
marion,"(42.00775684227901, -91.1350081393878)",42.00775684227901,-91.1350081393878,84.52,87.01,48,8.05,1
bulgan,"(49.265171457939516, 103.1970409075816)",49.265171457939516,103.1970409075816,40.19,40.19,55,4.23,0
frontera,"(18.750596944543503, -92.49514655230377)",18.750596944543503,-92.49514655230377,96.8,96.8,47,16.08,5
novyy buyan,"(53.835524798463325, 50.04818244092107)",53.835524798463325,50.04818244092107,63.99,68,42,4.47,0
lima,"(-19.055926812800976, -89.09289646950515)",-19.055926812800976,-89.09289646950515,70.54,71.6,73,12.75,90
san ramon,"(-12.912386042448261, -63.58807221443986)",-12.912386042448261,-63.58807221443986,104.09,104.09,8,8.37,11
bandarawela,"(6.845878115267752, 80.91305685595654)",6.845878115267752,80.91305685595654,80.6,80.6,100,5.82,0
yukhnov,"(54.59079156965615, 35.26250669204779)",54.59079156965615,35.26250669204779,55.31,55.31,95,3.87,83
jaguaribe,"(-6.144626289325487, -38.62975730193887)",-6.144626289325487,-38.62975730193887,77.63,77.63,72,3.78,100
ngunguru,"(-35.334774616690936, 175.88876883974973)",-35.334774616690936,175.88876883974973,55,55,93,13.6,86
campos sales,"(-7.182445114567017, -40.416966883817906)",-7.182445114567017,-40.416966883817906,59.7,62.01,93,14.99,75
carndonagh,"(56.490452648896024, -7.671780470711042)",56.490452648896024,-7.671780470711042,48.2,48.2,81,5.82,75
lahij,"(13.305994588444037, 44.9266015861148)",13.305994588444037,44.9266015861148,83.03,83.03,48,6.4,0
itarantim,"(-15.765951257749137, -40.351843433525914)",-15.765951257749137,-40.351843433525914,72.41,72.41,73,3.36,0
nhamunda,"(-1.473131130068083, -57.48530383890825)",-1.473131130068083,-57.48530383890825,86.45,86.45,69,1.36,75
pontes e lacerda,"(-14.265227460679299, -58.6102996179327)",-14.265227460679299,-58.6102996179327,79.79,79.79,63,3.38,28
ola,"(58.06673270145731, 152.38391598739707)",58.06673270145731,152.38391598739707,35.51,35.51,78,2.98,85
gaoua,"(10.215931258822906, -2.9795950654048795)",10.215931258822906,-2.9795950654048795,94.19,94.19,43,4.9,69
kochevo,"(59.81515860985513, 53.79152764212003)",59.81515860985513,53.79152764212003,49.06,50,57,20.8,90
stutterheim,"(-32.54585804327641, 27.804308829629406)",-32.54585804327641,27.804308829629406,60.8,60.8,100,7.78,0
abu dhabi,"(23.78629607873077, 55.642863765051345)",23.78629607873077,55.642863765051345,58.91,58.91,49,8.46,47
pinega,"(64.54305674011994, 43.95412982050405)",64.54305674011994,43.95412982050405,44.69,44.69,86,9.73,16
matara,"(2.8974367572818807, 80.73908031682913)",2.8974367572818807,80.73908031682913,57.2,57.2,50,9.8,40
sangar,"(63.173301693727296, 127.57749375220993)",63.173301693727296,127.57749375220993,32.63,32.63,84,7.65,99
belaya gora,"(68.46120304549675, 144.9000764965428)",68.46120304549675,144.9000764965428,57.83,57.83,93,2.77,100
pochutla,"(9.909709812805048, -95.90387157771463)",9.909709812805048,-95.90387157771463,90.1,93,49,13.87,40
cairns,"(-16.288422860297842, 146.44754346185408)",-16.288422860297842,146.44754346185408,63.21,66.2,88,9.17,0
manacapuru,"(-2.1978602497156317, -60.92263891736445)",-2.1978602497156317,-60.92263891736445,87.8,87.8,70,4.7,40
townsville,"(-18.955512914854822, 146.6250005067888)",-18.955512914854822,146.6250005067888,60.73,62.01,100,3.27,0
aktau,"(43.9291028011441, 50.76536424590327)",43.9291028011441,50.76536424590327,66.2,66.2,45,6.71,0
caibarien,"(23.648671634347167, -79.18063103036877)",23.648671634347167,-79.18063103036877,89.6,89.6,46,13.87,75
alyangula,"(-17.038146044865428, 137.3974608342391)",-17.038146044865428,137.3974608342391,68,68,88,4.7,74
rio grande,"(-38.79984269841681, -43.818477152006466)",-38.79984269841681,-43.818477152006466,54.61,57.2,50,6.93,1
ogulin,"(45.25221068876115, 15.351590963767222)",45.25221068876115,15.351590963767222,49.68,53.6,58,5.82,0
honningsvag,"(76.93536532969568, 25.423110878886746)",76.93536532969568,25.423110878886746,39.11,41,75,2.24,0
tessalit,"(20.03445103204203, 1.2801269825016561)",20.03445103204203,1.2801269825016561,90.41,90.41,6,8.72,0
yulara,"(-26.06777086105825, 123.98915295104575)",-26.06777086105825,123.98915295104575,51.8,51.8,57,5.82,0
kobayashi,"(31.913811959489806, 130.83509093219413)",31.913811959489806,130.83509093219413,51.01,51.01,55,2.44,99
yining,"(44.2552918420472, 83.07957696382681)",44.2552918420472,83.07957696382681,52.79,52.79,73,1.77,27
mayskiy,"(47.79505328424514, 139.675239036076)",47.79505328424514,139.675239036076,57.02,57.2,93,6.46,99
faya,"(22.674252895989994, 17.888184283817367)",22.674252895989994,17.888184283817367,70.72,71.6,68,3.36,0
luoyang,"(34.6372012197553, 112.6683097719947)",34.6372012197553,112.6683097719947,50.27,50.27,67,2.93,74
davila,"(19.153480396014942, 117.717401572256)",19.153480396014942,117.717401572256,78.8,78.8,94,2.24,75
dvinskoy,"(62.020660770297496, 45.11427304686194)",62.020660770297496,45.11427304686194,51.53,51.53,93,7.34,1
palencia,"(42.46680378969725, -4.929626599120496)",42.46680378969725,-4.929626599120496,59.18,61,82,12.75,75
saryg-sep,"(51.502997984996426, 95.99865231225692)",51.502997984996426,95.99865231225692,43.61,43.61,52,2.95,0
sao jeronimo,"(-29.966032587723873, -51.73237986009164)",-29.966032587723873,-51.73237986009164,91.88,91.88,19,17.72,1
ayan,"(56.75561511525183, 140.54733964084988)",56.75561511525183,140.54733964084988,42.53,42.53,94,6.62,82
suntar,"(59.84754514567274, 117.48155879797719)",59.84754514567274,117.48155879797719,29.39,29.39,86,3.96,0
beloha,"(-31.273273401092126, 40.206986206221416)",-31.273273401092126,40.206986206221416,70.25,70.25,76,14.99,67
itoman,"(23.064818285748615, 128.97855260340924)",23.064818285748615,128.97855260340924,69.12,71.6,73,6.93,75
imeni zhelyabova,"(59.89316174759651, 36.4644330174543)",59.89316174759651,36.4644330174543,39.63,39.99,91,5.01,96
tautira,"(-15.026459386779038, -144.0306168998811)",-15.026459386779038,-144.0306168998811,86,86,70,11.41,20
nelson bay,"(-35.9200148150699, 158.65643793908276)",-35.9200148150699,158.65643793908276,65.03,65.03,22,4.68,40
crestview,"(30.695344031032192, -86.8543996763603)",30.695344031032192,-86.8543996763603,87.22,91.99,33,9.17,1
togur,"(58.82446385375516, 82.51862997123379)",58.82446385375516,82.51862997123379,51.89,51.89,91,8.81,99
port keats,"(-13.601421024077112, 129.59912624113645)",-13.601421024077112,129.59912624113645,56.84,62.6,54,3.36,0
guarda,"(40.473244193702186, -6.937868539138094)",40.473244193702186,-6.937868539138094,59,59,83,10,100
san jeronimo,"(14.529844922475363, -101.78373919086498)",14.529844922475363,-101.78373919086498,104.09,104.09,8,8.37,11
puerto cortes,"(16.248262825940074, -88.26163535035589)",16.248262825940074,-88.26163535035589,78.01,78.01,86,5.99,71
yerbogachen,"(63.5580122430419, 104.74793959211598)",63.5580122430419,104.74793959211598,29.93,29.93,81,4.29,92
bonavista,"(50.98633707158123, -49.129729043873624)",50.98633707158123,-49.129729043873624,41,41,82,15.01,93
kondinskoye,"(60.26046826510316, 67.56073920223253)",60.26046826510316,67.56073920223253,50.27,50.27,81,15.05,64
nemuro,"(37.495758275796746, 149.15358870277868)",37.495758275796746,149.15358870277868,40.37,40.37,84,8.99,0
smolenka,"(52.09882208230982, 113.38010080906969)",52.09882208230982,113.38010080906969,35.33,35.33,83,4.7,0
troitsko-pechorsk,"(62.11623091851146, 55.68874196479197)",62.11623091851146,55.68874196479197,44.69,44.69,73,8.79,97
aljezur,"(35.34489723068256, -12.31079216917945)",35.34489723068256,-12.31079216917945,64.94,66.99,88,1.99,97
ahmadpur sial,"(30.5966863070402, 71.41676885995764)",30.5966863070402,71.41676885995764,93.29,93.29,20,15.1,4
nyuksenitsa,"(60.46521003768245, 44.064644689105734)",60.46521003768245,44.064644689105734,52.97,52.97,94,3.78,6
blois,"(47.79029348683554, 1.2814024788173128)",47.79029348683554,1.2814024788173128,56.37,59,62,3.36,100
nizhneudinsk,"(54.09912190009777, 98.1239210707173)",54.09912190009777,98.1239210707173,53.33,53.33,42,13.15,70
monterey,"(35.69610694516636, -122.383234813743)",35.69610694516636,-122.383234813743,60.89,66.99,72,8.05,75
vila do maio,"(13.408860780786341, -21.13976624988362)",13.408860780786341,-21.13976624988362,57.43,60.8,81,10.29,40
haines junction,"(55.64986981810381, -142.472037322202)",55.64986981810381,-142.472037322202,68.86,71.6,28,18.34,1
weinan,"(34.17937172979144, 109.87477456645456)",34.17937172979144,109.87477456645456,51.8,51.8,100,2.24,29
chikmagalur,"(13.380976599911762, 75.595239512918)",13.380976599911762,75.595239512918,71.69,71.69,94,5.19,94
fort collins,"(40.7553681559655, -104.98930149461927)",40.7553681559655,-104.98930149461927,47.61,51.01,81,4.7,77
carutapera,"(5.980724417228515, -42.43018469867906)",5.980724417228515,-42.43018469867906,80.15,80.15,81,5.01,100
oncesti,"(46.46667961694925, 27.203223548851156)",46.46667961694925,27.203223548851156,48.07,48.2,66,19.46,90
mocuba,"(-20.219976855926475, 40.163868383712014)",-20.219976855926475,40.163868383712014,63.23,63.23,95,2.48,0
yingcheng,"(24.229019238854747, 113.8298217600792)",24.229019238854747,113.8298217600792,60.8,60.8,72,4.47,0
waddan,"(28.78772789638157, 18.21659222851369)",28.78772789638157,18.21659222851369,77.99,77.99,17,8.95,0
constitucion,"(16.684426797465292, -122.32550097072328)",16.684426797465292,-122.32550097072328,78.67,80.01,7,5.82,5
bhuj,"(23.78520616094434, 69.712409013013)",23.78520616094434,69.712409013013,82.13,82.13,55,11.01,0
smithers,"(58.45656377892297, -127.32781562851889)",58.45656377892297,-127.32781562851889,53.6,53.6,54,9.17,75
peace river,"(57.16628052657154, -117.48451557140896)",57.16628052657154,-117.48451557140896,65.75,65.75,72,13.27,91
yertsevo,"(60.68200957249894, 40.076097217885405)",60.68200957249894,40.076097217885405,54.95,54.95,88,7.16,2
pontianak,"(-0.023225284514296618, 110.21828607803326)",-0.023225284514296618,110.21828607803326,84.29,84.29,78,7.96,23
port lincoln,"(-41.885376914104306, 133.65585143057484)",-41.885376914104306,133.65585143057484,56.84,62.6,54,3.36,0
port blair,"(13.941866726213647, 89.76145663780841)",13.941866726213647,89.76145663780841,56.84,62.6,54,3.36,0
ukiah,"(39.119916141034764, -123.22298969503326)",39.119916141034764,-123.22298969503326,62.69,70,63,6.8,1
lovington,"(33.0288514425213, -103.02989135836438)",33.0288514425213,-103.02989135836438,81.66,84,34,14.99,20
foumbot,"(5.316456579039624, 10.929855687204139)",5.316456579039624,10.929855687204139,67.19,67.19,88,3.89,99
isangel,"(-18.720313907685764, 171.39715769576713)",-18.720313907685764,171.39715769576713,79.79,79.79,84,20.69,9
shache,"(36.75433528976251, 80.04376843336343)",36.75433528976251,80.04376843336343,63.05,63.05,16,6.4,30
iquique,"(-20.919113255219102, -71.9161579032762)",-20.919113255219102,-71.9161579032762,69.8,69.8,68,16.11,0
black river,"(16.597414305315993, -80.0360621177525)",16.597414305315993,-80.0360621177525,87.66,89.01,35,4.7,1
cap malheureux,"(-12.341671082357081, 61.15146003492242)",-12.341671082357081,61.15146003492242,52.72,55.4,54,9.17,100
itambacuri,"(-18.20945859420607, -41.560549529834816)",-18.20945859420607,-41.560549529834816,75.29,75.29,71,4.65,2
saint-pierre,"(46.273085092113746, -57.29713058201578)",46.273085092113746,-57.29713058201578,52.36,55.4,58,9.17,0
fomboni,"(-13.225857460087681, 43.367869736211816)",-13.225857460087681,43.367869736211816,83.39,83.39,76,19.19,100
asasa,"(7.070257782091872, 39.12173315643179)",7.070257782091872,39.12173315643179,50.63,50.63,82,6.96,50
port hardy,"(49.30733023471538, -129.1400501949643)",49.30733023471538,-129.1400501949643,56.84,62.6,54,3.36,0
mecca,"(22.60080849710853, 43.33877652798665)",22.60080849710853,43.33877652798665,92.21,92.21,26,3.13,1
kupang,"(-12.30164454364811, 122.91514523346427)",-12.30164454364811,122.91514523346427,80.69,80.69,78,16.06,91
sabang,"(8.793860340929996, 95.14536289386274)",8.793860340929996,95.14536289386274,82.67,82.67,79,6.42,100
shawinigan,"(46.513790711653655, -72.58556890757787)",46.513790711653655,-72.58556890757787,59.29,60.8,38,9.17,20
antofagasta,"(-22.5395773562353, -77.06218551315429)",-22.5395773562353,-77.06218551315429,64.4,64.4,72,14.99,75
barcelona,"(8.199763722341487, 126.84574352129692)",8.199763722341487,126.84574352129692,60.21,63,87,4.7,90
markova,"(56.91488001991857, 106.69383870350435)",56.91488001991857,106.69383870350435,45.46,51.8,34,8.95,0
iguape,"(-25.569180930562155, -46.98092693039885)",-25.569180930562155,-46.98092693039885,70.25,70.25,88,4.43,66
miraflores,"(-0.8027797376475263, -71.71265227419315)",-0.8027797376475263,-71.71265227419315,61.97,61.97,91,3.47,89
djambala,"(-3.337072040784534, 14.687782787701167)",-3.337072040784534,14.687782787701167,74.39,74.39,84,5.26,92
thinadhoo,"(0.42554881117055743, 73.19280301368718)",0.42554881117055743,73.19280301368718,84.29,84.29,71,6.24,10
mackay,"(-19.21453358188218, 152.7017828801416)",-19.21453358188218,152.7017828801416,47.32,50,81,6.93,75
leh,"(35.00281307176162, 82.47360049472081)",35.00281307176162,82.47360049472081,18.95,18.95,54,3.83,98
severomuysk,"(56.340614136547515, 113.26536250059132)",56.340614136547515,113.26536250059132,14.09,14.09,97,3.62,50
pecos,"(31.000632780921876, -104.06561375199264)",31.000632780921876,-104.06561375199264,84.24,86,25,5.82,1
santa vitoria do palmar,"(-33.36033466447046, -52.65124358921284)",-33.36033466447046,-52.65124358921284,82.67,82.67,77,6.44,99
whitecourt,"(54.72304448287511, -115.91338474651347)",54.72304448287511,-115.91338474651347,44.6,44.6,81,6.93,75
melito di porto salvo,"(37.626532079828195, 16.063297133635217)",37.626532079828195,16.063297133635217,54.16,55.99,66,3,4
cockburn town,"(21.627016925105636, -70.10168273998512)",21.627016925105636,-70.10168273998512,50,50,71,11.41,0
sarkand,"(45.47431268743128, 80.13785712911096)",45.47431268743128,80.13785712911096,53.69,53.69,27,5.84,0
redlands,"(39.76170783588017, -109.41288396480903)",39.76170783588017,-109.41288396480903,61.21,70,63,8.66,90
lompoc,"(28.283224951093132, -128.23810307751387)",28.283224951093132,-128.23810307751387,63.97,69.01,67,11.41,90
lodwar,"(3.257661075037589, 36.88906522035421)",3.257661075037589,36.88906522035421,88.25,88.25,44,15.99,89
punta cardon,"(11.103162393003316, -70.45275550139192)",11.103162393003316,-70.45275550139192,79.43,79.43,83,1.79,90
kalmunai,"(8.127348427964321, 84.42346328517675)",8.127348427964321,84.42346328517675,77.09,77.09,88,2.59,80
ortakoy,"(38.99199068298975, 34.305663486376915)",38.99199068298975,34.305663486376915,59,59,44,18.34,20
menongue,"(-14.074279951587869, 19.48645412832454)",-14.074279951587869,19.48645412832454,65.39,65.39,60,6.51,17
dalbandin,"(29.332227682383945, 65.06495021489883)",29.332227682383945,65.06495021489883,84.65,84.65,12,8.72,14
